TransactionID,TransactionAmount,TransactionTime,MerchantCategory,CustomerAge,CustomerGender,CustomerIncome,TransactionLocation,PreviousFraudCount,Fraud
1,1873.33,13.33,Travel,68,Male,166232,Rural,4,1
2,4753.62,39.02,Restaurant,64,Female,185070,Urban,0,0
3,3660.24,62.85,Restaurant,80,Female,178302,Rural,3,1
4,2993.69,52.72,Restaurant,64,Female,160148,Suburban,5,1
5,780.94,58.07,Travel,21,Female,89341,Suburban,1,0
6,780.82,47.43,Online,24,Female,51085,Rural,0,0
7,291.36,49.84,Travel,62,Male,75571,Suburban,2,0
8,4331.01,61.14,Online,52,Male,165787,Urban,1,0
9,3005.97,17.98,Travel,65,Female,148308,Rural,0,0
10,3540.65,35.24,Travel,80,Female,25750,Urban,4,1
11,103.9,15.93,Online,26,Male,133931,Rural,2,0
12,4849.58,71.11,Restaurant,25,Male,98768,Suburban,4,1
13,4162.38,67.97,Online,69,Male,55903,Rural,5,1
14,1062.48,2.84,Retail,62,Male,183165,Rural,0,0
15,909.94,50.8,Retail,34,Female,111036,Urban,4,1
16,917.84,66.62,Online,34,Male,107954,Suburban,5,1
17,1521.91,13,Travel,66,Female,185386,Urban,0,0
18,2624.26,40.89,Retail,50,Male,199297,Suburban,0,0
19,2160.29,65.92,Retail,49,Male,103014,Urban,4,1
20,1456.85,2.44,Travel,25,Male,186251,Rural,0,0
21,3059.65,50.21,Travel,36,Female,137305,Urban,1,0
22,698.33,21.41,Restaurant,80,Female,176410,Suburban,0,0
23,1461.43,66.56,Travel,55,Male,52101,Suburban,3,1
24,1832.44,69.92,Online,20,Female,22775,Rural,5,1
25,2280.89,67.99,Online,76,Female,131497,Suburban,0,0
26,3926.09,34.14,Restaurant,22,Male,65619,Urban,3,1
27,999.17,62.07,Retail,30,Male,196910,Rural,0,0
28,2571.66,60.81,Retail,64,Female,170611,Suburban,0,0
29,2962.48,22.98,Travel,63,Female,77124,Suburban,4,1
30,233.21,59.68,Online,78,Female,85149,Urban,1,0
31,3038.12,2.66,Retail,48,Male,46616,Urban,5,1
32,853.45,42.93,Restaurant,72,Male,188171,Rural,1,0
33,326.19,16.56,Restaurant,33,Female,81799,Suburban,2,0
34,4744.48,8.68,Online,67,Male,110221,Urban,4,1
35,4828.19,5.54,Restaurant,49,Male,134879,Rural,4,1
36,4042.18,50.13,Restaurant,39,Female,45479,Suburban,1,0
37,1523.76,24.47,Online,46,Female,197244,Suburban,4,1
38,489.26,52.18,Travel,39,Male,119165,Rural,1,0
39,3421.48,4.71,Travel,60,Male,75863,Rural,4,1
40,2201.32,22.7,Restaurant,20,Female,193115,Urban,0,0
41,611.07,38.84,Travel,71,Male,102569,Suburban,1,0
42,2476.39,56.93,Travel,27,Male,166480,Suburban,1,0
43,172.91,22.95,Restaurant,59,Female,36351,Suburban,3,1
44,4546.69,45.06,Travel,79,Female,155203,Rural,4,1
45,1294.64,63.79,Restaurant,38,Male,64825,Urban,4,1
46,3312.95,44.34,Retail,33,Male,31349,Suburban,1,0
47,1559.24,16.77,Online,29,Male,64254,Rural,0,0
48,2600.82,1.76,Online,19,Female,58225,Suburban,0,0
49,2734,62.65,Travel,58,Male,32453,Urban,5,1
50,925.09,1.53,Travel,41,Male,169886,Suburban,0,0
51,4847.95,62.98,Travel,52,Female,169335,Urban,4,1
52,3875.89,38.08,Online,73,Female,97694,Urban,3,1
53,4697.56,67.61,Retail,47,Male,35735,Suburban,1,0
54,4474.24,57.51,Retail,74,Female,166902,Suburban,2,0
55,2989.9,71.85,Online,47,Female,67893,Urban,3,1
56,4609.45,25.25,Retail,64,Male,195745,Rural,2,0
57,443.37,55.24,Online,52,Female,147006,Urban,3,1
58,980.72,28.94,Retail,36,Female,65066,Suburban,0,0
59,227.09,34.55,Restaurant,67,Male,154445,Suburban,4,1
60,1627.33,45.18,Restaurant,25,Female,161407,Rural,2,0
61,1944,62.9,Online,43,Male,174813,Urban,3,1
62,1357.47,70.85,Retail,66,Male,30692,Urban,4,1
63,4143.86,55.32,Travel,57,Female,198367,Urban,2,0
64,1784.41,30.08,Retail,24,Female,65541,Suburban,1,0
65,1405.39,30.34,Restaurant,47,Female,185129,Urban,3,1
66,2713.94,53.11,Restaurant,24,Male,86983,Rural,1,0
67,705.48,17.19,Retail,20,Female,170655,Suburban,0,0
68,4011.18,7.95,Retail,18,Male,173837,Suburban,1,0
69,373.68,25.53,Travel,53,Female,174978,Urban,1,0
70,4934.45,20.68,Travel,42,Female,140747,Rural,5,1
71,3861.45,21.33,Retail,54,Female,105103,Suburban,3,1
72,994.38,16.82,Retail,18,Male,197597,Suburban,0,0
73,28.61,3.03,Retail,32,Female,189302,Urban,1,0
74,4077.49,1.29,Retail,54,Female,170592,Urban,4,1
75,3534.58,71.12,Online,30,Male,45566,Rural,2,0
76,3645.31,30.8,Retail,57,Male,93193,Urban,1,0
77,3856.58,27.67,Travel,25,Female,181206,Rural,0,0
78,371.15,48.93,Restaurant,22,Female,161417,Suburban,1,0
79,1792.97,15.71,Online,77,Female,141015,Rural,2,0
80,580.23,68.4,Retail,26,Male,192257,Rural,0,0
81,4315.65,56.62,Restaurant,80,Male,150956,Rural,3,1
82,3116.87,6.44,Online,18,Male,90744,Suburban,0,0
83,1655.16,30.07,Restaurant,53,Male,53455,Urban,3,1
84,318.73,63.3,Retail,52,Female,179090,Suburban,0,0
85,1555.6,68.02,Retail,19,Male,74219,Urban,2,0
86,1626.59,33.65,Travel,80,Male,65991,Rural,2,0
87,3648.3,44.17,Retail,57,Male,93616,Rural,0,0
88,3188.15,12.03,Retail,40,Female,107438,Rural,1,0
89,4436.18,71.36,Online,26,Female,136841,Rural,2,0
90,2361.6,16.68,Travel,51,Male,160558,Rural,3,1
91,598.85,67.88,Online,63,Male,189934,Urban,3,1
92,3566.51,46.77,Restaurant,31,Female,78870,Urban,4,1
93,3804.16,43.76,Retail,21,Female,106694,Rural,5,1
94,2806.82,36.91,Restaurant,47,Female,63856,Suburban,5,1
95,3855.06,16.61,Online,48,Female,121407,Suburban,5,1
96,2469.48,12.71,Retail,55,Female,51379,Rural,3,1
97,2614.14,15.88,Retail,28,Female,84729,Urban,4,1
98,2138.28,13.42,Online,52,Female,179450,Suburban,5,1
99,128.07,56.13,Online,25,Female,74353,Suburban,5,1
100,540.35,25.21,Online,20,Male,34031,Suburban,0,0
101,158.11,4.16,Online,31,Male,85982,Rural,0,0
102,3182.42,69.78,Online,77,Male,56683,Suburban,0,0
103,1572.47,63.63,Retail,30,Male,134091,Suburban,1,0
104,2543.34,66.8,Online,62,Male,137797,Suburban,5,1
105,4537.92,71.63,Retail,49,Male,168690,Suburban,1,0
106,1247.21,12.52,Retail,51,Female,26587,Urban,4,1
107,2052.5,28.53,Online,62,Female,82790,Rural,3,1
108,3778,54.59,Online,78,Male,51480,Rural,5,1
109,1144.76,50.11,Travel,36,Male,171599,Urban,3,1
110,385.82,11.08,Retail,76,Female,43569,Urban,0,0
111,1449.47,58.74,Online,55,Female,31151,Rural,5,1
112,806.95,16.16,Online,33,Female,64739,Suburban,2,0
113,4648.56,16.11,Online,19,Male,52954,Suburban,1,0
114,4040.79,38.66,Travel,57,Female,129373,Rural,1,0
115,3167.39,42.69,Travel,34,Male,186375,Suburban,5,1
116,4357.43,41.77,Restaurant,72,Male,54700,Urban,0,0
117,4018.56,6.59,Retail,51,Female,143728,Suburban,1,0
118,933.66,63.18,Restaurant,59,Female,86788,Suburban,0,0
119,4462.9,19.12,Online,77,Male,91045,Suburban,4,1
120,2697.17,9.33,Travel,33,Female,188914,Rural,3,1
121,4037.39,63.99,Travel,55,Female,164972,Urban,2,0
122,4480.56,68.81,Restaurant,77,Male,147992,Suburban,3,1
123,1590.7,62.07,Travel,19,Female,100059,Rural,3,1
124,551.15,58.29,Online,19,Male,21881,Suburban,4,1
125,1140.45,47.18,Travel,43,Male,184109,Urban,1,0
126,2136.11,39.66,Restaurant,30,Female,152702,Suburban,2,0
127,4090.26,6.26,Online,73,Male,40789,Urban,1,0
128,4303.79,29.41,Restaurant,64,Male,146083,Suburban,5,1
129,35.75,26.83,Travel,48,Female,108059,Urban,3,1
130,2554.23,18.7,Restaurant,77,Female,66151,Suburban,5,1
131,2087.64,52.09,Restaurant,51,Female,199992,Urban,0,0
132,1111.32,35.7,Retail,56,Male,129388,Suburban,3,1
133,600.21,5.84,Travel,20,Male,23262,Suburban,1,0
134,1688.74,15.85,Travel,25,Female,86981,Rural,3,1
135,4714.61,49.19,Restaurant,40,Male,140951,Rural,0,0
136,1616.69,5.48,Retail,31,Female,143099,Urban,4,1
137,2594.43,61.29,Travel,73,Female,101972,Suburban,5,1
138,3515.39,35.65,Online,79,Male,95485,Urban,5,1
139,1818.78,34.6,Restaurant,72,Female,74722,Rural,1,0
140,4858.94,42.65,Travel,44,Male,109499,Urban,3,1
141,4812.27,59.38,Online,71,Male,181004,Urban,1,0
142,1259.66,25.04,Travel,46,Female,26901,Rural,4,1
143,2486.75,48.82,Online,56,Male,137473,Suburban,3,1
144,1505.09,40.73,Restaurant,70,Female,28597,Urban,3,1
145,1424.92,19.23,Travel,56,Male,149631,Rural,1,0
146,185.4,63.26,Travel,18,Male,83909,Suburban,1,0
147,3048.21,57.41,Retail,34,Male,92391,Rural,0,0
148,2513.89,47.41,Restaurant,58,Female,159335,Urban,4,1
149,258.34,61.24,Online,47,Male,83293,Suburban,0,0
150,1393.95,62.45,Travel,70,Female,176877,Suburban,5,1
151,4541.42,51,Travel,30,Male,31874,Rural,3,1
152,1198.57,60.26,Online,38,Male,106402,Rural,1,0
153,725.33,50.22,Restaurant,36,Female,34079,Rural,3,1
154,2447.77,48.97,Retail,70,Female,92779,Suburban,3,1
155,4928.27,44.54,Retail,36,Female,115408,Suburban,2,0
156,1211.03,54.2,Travel,74,Female,160090,Urban,5,1
157,3361.01,11.42,Online,42,Female,140606,Suburban,2,0
158,3808.34,63.42,Travel,39,Male,140062,Urban,3,1
159,1188.95,62.77,Online,48,Male,32100,Rural,1,0
160,3641.35,2.11,Retail,34,Female,77021,Rural,3,1
161,1839.55,59.46,Restaurant,72,Male,170872,Suburban,5,1
162,3161.9,9.28,Online,40,Male,148126,Rural,2,0
163,3168.02,24.13,Retail,49,Male,112446,Rural,1,0
164,2679.34,53.53,Travel,79,Female,49437,Suburban,3,1
165,452.36,11.57,Online,27,Male,197747,Urban,4,1
166,4176.68,58.89,Restaurant,27,Male,171014,Suburban,5,1
167,1604.58,59.91,Travel,53,Male,40862,Urban,5,1
168,933.41,36.54,Travel,25,Female,31669,Suburban,4,1
169,204.83,0.46,Retail,71,Male,141219,Suburban,3,1
170,2954.87,20.67,Online,69,Male,35916,Rural,5,1
171,3388.14,44.42,Travel,37,Female,30878,Suburban,1,0
172,83.92,70.65,Restaurant,49,Female,22985,Suburban,3,1
173,2560.95,45.49,Online,67,Male,61235,Urban,3,1
174,1133.25,18.71,Restaurant,31,Male,38931,Rural,2,0
175,3226.22,45.65,Travel,67,Female,112876,Urban,5,1
176,872.66,38.88,Restaurant,45,Female,20336,Urban,5,1
177,3455,56.15,Retail,63,Female,62933,Rural,4,1
178,1934.29,7.7,Restaurant,69,Female,65536,Rural,2,0
179,4683.71,54.79,Online,70,Female,89504,Rural,2,0
180,688.47,38.97,Restaurant,41,Female,119214,Suburban,5,1
181,1705.99,69.34,Restaurant,32,Female,133936,Rural,3,1
182,568.25,24.61,Retail,39,Male,36279,Rural,2,0
183,4623.54,45.55,Restaurant,47,Female,123751,Rural,4,1
184,4386.82,67.11,Restaurant,80,Female,124433,Urban,2,0
185,1290.45,7.38,Travel,21,Male,91386,Urban,4,1
186,3300.26,67.48,Travel,30,Female,106124,Suburban,2,0
187,4086.29,49.53,Online,76,Female,125750,Urban,4,1
188,2776.45,4.88,Travel,40,Male,97485,Suburban,2,0
189,2648.72,21.67,Travel,25,Female,94055,Urban,2,0
190,1210.02,50.99,Travel,35,Male,111911,Rural,1,0
191,466.42,4.85,Travel,29,Male,118618,Urban,4,1
192,4486.18,41.92,Retail,72,Male,133892,Suburban,4,1
193,4502.19,24.9,Travel,48,Male,91128,Urban,4,1
194,3165.87,44.71,Retail,31,Female,169180,Rural,0,0
195,1695.81,3.29,Retail,51,Male,72495,Suburban,2,0
196,1746.7,62.75,Travel,35,Male,102806,Rural,4,1
197,3630.05,70.09,Restaurant,73,Female,113185,Rural,5,1
198,4485.65,69.76,Retail,51,Male,190591,Suburban,0,0
199,4435.55,53.97,Restaurant,80,Male,69649,Rural,1,0
200,3899.6,9.37,Restaurant,28,Male,185596,Rural,4,1
201,3210.52,54.59,Travel,58,Male,184957,Urban,4,1
202,421.62,1.77,Online,29,Female,195441,Rural,0,0
203,808.98,1.59,Travel,66,Male,115402,Rural,2,0
204,4492.87,23.3,Online,32,Female,50676,Rural,5,1
205,3032.54,35.18,Online,74,Female,84093,Rural,1,0
206,46.98,55.47,Travel,48,Male,198836,Suburban,4,1
207,508.26,49.2,Travel,66,Male,99414,Urban,2,0
208,3317.85,32.1,Online,75,Male,113095,Rural,5,1
209,26.3,19.7,Travel,46,Male,92307,Rural,5,1
210,804.88,71.79,Online,43,Female,115432,Suburban,1,0
211,2744.12,30.69,Restaurant,35,Female,51923,Rural,3,1
212,3459.78,32.5,Travel,49,Female,137449,Suburban,5,1
213,3260.15,11.78,Restaurant,39,Male,67574,Urban,3,1
214,1122.12,57.23,Retail,55,Female,194463,Urban,5,1
215,3561.18,49.95,Restaurant,34,Male,141757,Rural,1,0
216,1187.01,15.9,Restaurant,40,Male,73664,Rural,0,0
217,1627.67,5.93,Online,41,Male,87384,Rural,1,0
218,3732.71,49,Restaurant,67,Male,51027,Suburban,1,0
219,3248.51,47.12,Travel,25,Male,186536,Rural,0,0
220,4246.27,19.67,Online,58,Female,54485,Rural,0,0
221,3288.41,68.46,Retail,23,Female,170528,Urban,2,0
222,2841.97,10.88,Travel,22,Male,55554,Rural,5,1
223,469.28,31.13,Retail,61,Female,66922,Urban,2,0
224,1839.21,67.94,Restaurant,74,Male,33409,Rural,0,0
225,1326.75,30.22,Travel,46,Male,56639,Urban,3,1
226,1220.7,45.97,Travel,45,Male,39692,Rural,3,1
227,4865.08,28.63,Retail,28,Female,109037,Urban,1,0
228,1966.1,19.74,Travel,74,Male,38074,Suburban,4,1
229,4460.34,70.85,Travel,18,Male,166621,Urban,1,0
230,3156.06,29.47,Travel,60,Female,49963,Urban,1,0
231,3974.26,64.38,Restaurant,36,Female,72265,Urban,4,1
232,2513.68,16.56,Retail,26,Female,36061,Rural,5,1
233,2884.94,15.34,Travel,44,Male,179882,Rural,0,0
234,2463.1,2.24,Online,51,Male,133502,Rural,3,1
235,977.02,46.92,Online,61,Female,42800,Suburban,1,0
236,3612.54,26.53,Online,21,Male,136192,Suburban,4,1
237,1404.58,62.23,Online,53,Female,127228,Urban,2,0
238,122.56,34.07,Restaurant,35,Female,48054,Suburban,1,0
239,3227.72,69.71,Travel,32,Male,196469,Urban,3,1
240,886.38,13.36,Retail,68,Male,33233,Urban,0,0
241,4702.35,62.54,Travel,30,Female,176140,Urban,1,0
242,4769.69,55.91,Restaurant,36,Female,85727,Suburban,1,0
243,4574.41,55.51,Online,66,Female,110610,Rural,5,1
244,1851.42,60.82,Restaurant,23,Female,90453,Suburban,4,1
245,78.27,54.79,Travel,65,Male,124135,Urban,2,0
246,4641.66,45.09,Retail,73,Female,176904,Urban,2,0
247,2141.49,9.45,Restaurant,29,Female,128464,Suburban,0,0
248,4833.31,2.34,Retail,68,Female,33682,Urban,3,1
249,4818.14,66.3,Restaurant,54,Male,174455,Urban,0,0
250,4265.19,44.4,Retail,34,Male,78160,Suburban,1,0
251,1472.95,57.35,Retail,75,Female,43666,Suburban,1,0
252,1926.1,34.67,Online,40,Male,78817,Suburban,2,0
253,4255.83,8.45,Retail,43,Male,111198,Urban,3,1
254,1585.29,9.01,Online,46,Male,185714,Urban,4,1
255,848.29,49.36,Travel,50,Female,61830,Rural,3,1
256,2784.45,30.98,Travel,77,Female,30234,Rural,1,0
257,4680.84,14.44,Online,44,Male,77616,Suburban,4,1
258,3480.45,35.39,Online,42,Female,29221,Rural,3,1
259,2850.74,4.62,Restaurant,73,Female,162482,Urban,3,1
260,486.79,41.9,Restaurant,72,Male,21051,Rural,4,1
261,3075.42,19.37,Restaurant,27,Male,130529,Urban,1,0
262,4950.28,57.42,Travel,64,Female,96918,Suburban,3,1
263,701.28,22.35,Restaurant,40,Male,98116,Suburban,4,1
264,2592.13,32.78,Retail,38,Female,142226,Urban,5,1
265,4386.99,0.84,Retail,38,Female,64757,Rural,5,1
266,3704.1,5.22,Restaurant,60,Male,141008,Suburban,1,0
267,3485.38,28.26,Retail,30,Female,151379,Suburban,4,1
268,3512.72,34.56,Travel,54,Female,76889,Rural,5,1
269,1798.1,43.2,Retail,50,Male,55944,Rural,4,1
270,1468.67,21,Travel,41,Male,119555,Urban,3,1
271,4047,50.04,Online,61,Male,58134,Rural,1,0
272,4050.76,61.93,Online,28,Female,178395,Rural,5,1
273,4335.49,56.15,Online,34,Male,45954,Rural,3,1
274,4566.29,2.85,Online,21,Male,109959,Urban,0,0
275,2557.2,34.6,Retail,64,Male,24992,Urban,0,0
276,2508.08,7.55,Restaurant,42,Male,21961,Suburban,1,0
277,3991.68,17.43,Retail,47,Female,32497,Urban,5,1
278,3250.17,71.04,Travel,26,Female,183623,Suburban,5,1
279,3510.13,10.26,Retail,38,Male,33255,Rural,5,1
280,3979.17,35.92,Retail,37,Female,155639,Suburban,4,1
281,4450.14,44.51,Travel,36,Male,68847,Suburban,3,1
282,1690.64,50.58,Online,36,Male,199075,Rural,5,1
283,1878.54,40.29,Online,29,Female,40389,Suburban,3,1
284,470.82,0.7,Online,54,Female,195595,Urban,1,0
285,2891.82,23.51,Restaurant,59,Male,143802,Urban,5,1
286,180.68,37.28,Travel,34,Male,81576,Urban,1,0
287,2328.52,6.33,Travel,54,Female,63919,Urban,5,1
288,2713.68,25.25,Retail,71,Male,23358,Suburban,0,0
289,1433.42,2.39,Restaurant,65,Female,108535,Suburban,2,0
290,2954.58,5.66,Online,56,Male,125982,Rural,1,0
291,153.47,28.58,Restaurant,45,Male,25698,Suburban,5,1
292,187.7,9.56,Travel,58,Female,86809,Suburban,2,0
293,4113.18,40.86,Travel,52,Female,113079,Suburban,1,0
294,1801.59,49.64,Retail,64,Female,75805,Rural,4,1
295,636.18,57.64,Retail,65,Female,182421,Urban,5,1
296,2611.69,14.41,Travel,35,Female,95033,Suburban,4,1
297,3850.2,12.06,Online,31,Female,118239,Rural,0,0
298,1079.89,7.53,Online,52,Female,150407,Rural,5,1
299,3114.83,45.82,Restaurant,61,Male,64041,Rural,0,0
300,427.65,50.87,Travel,58,Male,51954,Urban,2,0
301,259.36,2.27,Travel,77,Male,28002,Suburban,1,0
302,2657.24,67.41,Online,24,Female,89783,Rural,3,1
303,2703.63,3.74,Online,58,Female,127524,Urban,0,0
304,3187.51,38.97,Travel,30,Female,144857,Rural,3,1
305,3630.73,51.05,Retail,35,Male,39738,Rural,3,1
306,4879.28,62.71,Travel,54,Female,30703,Rural,1,0
307,2581.99,51.41,Travel,30,Female,133776,Rural,2,0
308,1615.46,57.72,Online,53,Male,163464,Rural,1,0
309,3976.14,24.44,Online,48,Female,64724,Urban,5,1
310,1354.89,58.67,Retail,19,Male,52299,Suburban,0,0
311,2195.42,5.77,Retail,33,Male,35641,Suburban,3,1
312,393.2,64.43,Restaurant,26,Female,99534,Suburban,1,0
313,127.73,39.43,Travel,26,Female,26305,Suburban,1,0
314,4813.28,58.85,Online,55,Female,38782,Urban,1,0
315,4180.06,32.57,Retail,28,Male,98257,Urban,0,0
316,3480.18,46.34,Restaurant,71,Male,97963,Urban,2,0
317,2045.36,37.9,Restaurant,73,Male,141987,Rural,1,0
318,867.3,52.67,Online,39,Female,171638,Rural,0,0
319,783.03,5.88,Online,50,Female,144591,Rural,3,1
320,1251.96,4.35,Restaurant,53,Female,87766,Suburban,5,1
321,2746.58,17.79,Retail,62,Female,26511,Rural,4,1
322,3573.27,11.49,Restaurant,40,Male,134816,Suburban,0,0
323,3301.33,62.77,Travel,62,Male,177249,Rural,4,1
324,1400.39,15.78,Travel,62,Male,24765,Suburban,1,0
325,4774.37,70.26,Online,51,Male,171426,Rural,1,0
326,3689.75,24.26,Retail,26,Female,43929,Rural,0,0
327,2772.22,13.11,Retail,41,Female,179892,Urban,4,1
328,3058.99,56.86,Travel,25,Female,131576,Rural,1,0
329,2098.58,47.43,Restaurant,24,Male,180595,Rural,3,1
330,1239.41,35.87,Online,53,Male,91088,Urban,2,0
331,1780.51,39.99,Restaurant,35,Female,97525,Suburban,2,0
332,3789.47,51.78,Restaurant,20,Female,33780,Urban,1,0
333,72.95,16.45,Restaurant,45,Male,26589,Urban,4,1
334,581.25,71.74,Retail,23,Female,185884,Suburban,5,1
335,230.97,70.19,Travel,61,Male,113664,Rural,1,0
336,204.6,46.82,Retail,61,Male,197011,Suburban,5,1
337,4277.45,14.37,Travel,38,Male,124188,Rural,5,1
338,3518.59,48.98,Online,45,Female,113326,Rural,4,1
339,2371.39,5.2,Online,57,Female,60953,Suburban,5,1
340,490.07,2.21,Restaurant,71,Male,85785,Urban,3,1
341,2458.59,18.55,Travel,71,Female,39309,Suburban,4,1
342,2367.89,33.31,Travel,18,Male,74195,Rural,1,0
343,866.84,62.52,Travel,53,Male,45901,Suburban,3,1
344,2169.82,52.36,Restaurant,38,Male,174648,Suburban,0,0
345,1993.13,53.47,Restaurant,77,Male,182580,Rural,2,0
346,3079.63,30.64,Online,60,Female,45464,Urban,1,0
347,3175.83,24.91,Retail,52,Male,36260,Suburban,1,0
348,227.47,26.71,Travel,30,Male,144997,Rural,1,0
349,1873.69,71.11,Travel,74,Female,55440,Rural,3,1
350,3129.67,2.89,Retail,66,Male,115082,Suburban,0,0
351,2516.18,62.43,Travel,71,Male,125583,Urban,4,1
352,4282.59,41.66,Restaurant,71,Female,76683,Suburban,0,0
353,3293.81,31.58,Restaurant,27,Female,144206,Urban,3,1
354,815.51,52.22,Travel,70,Female,192502,Urban,1,0
355,353.77,35.04,Restaurant,61,Male,153059,Urban,2,0
356,3212.45,62.89,Restaurant,64,Female,176177,Urban,1,0
357,133.53,64.85,Travel,70,Female,98484,Suburban,4,1
358,2929.29,30.36,Online,27,Male,164098,Rural,5,1
359,4701.21,19.93,Retail,63,Male,88309,Rural,2,0
360,2877.8,42.65,Restaurant,30,Male,65927,Rural,1,0
361,1941.46,65.69,Online,54,Male,62946,Rural,2,0
362,3216.8,15.17,Restaurant,55,Male,146503,Rural,5,1
363,2291.81,44.85,Restaurant,41,Female,161449,Rural,0,0
364,2728.54,45.47,Retail,19,Female,73592,Suburban,3,1
365,4707.38,52.78,Restaurant,39,Female,158419,Urban,1,0
366,1931.13,9.47,Retail,34,Male,53776,Rural,4,1
367,4805.99,51.54,Retail,53,Male,154855,Suburban,0,0
368,4526.85,65.45,Retail,31,Male,75798,Rural,1,0
369,979.76,12.94,Online,27,Female,155370,Rural,0,0
370,347.74,17.1,Travel,52,Female,90204,Urban,4,1
371,504.79,69.94,Online,42,Male,106207,Urban,1,0
372,92.09,13.03,Travel,20,Female,120356,Urban,5,1
373,473.12,61.52,Travel,64,Male,80652,Rural,5,1
374,3415.35,35.44,Retail,55,Female,185556,Rural,4,1
375,356.87,17.8,Restaurant,34,Female,149572,Rural,2,0
376,1595.56,62.69,Retail,29,Female,40922,Urban,4,1
377,4224.53,32.06,Restaurant,71,Male,185100,Suburban,2,0
378,117.34,37.07,Travel,69,Female,171388,Rural,1,0
379,4072.53,25.86,Retail,41,Female,96996,Rural,2,0
380,1409.99,42.69,Restaurant,46,Male,168040,Rural,1,0
381,591.71,11.77,Online,60,Female,50266,Suburban,1,0
382,3483.99,28.16,Restaurant,42,Male,175072,Rural,3,1
383,3145.09,69.8,Retail,53,Male,165083,Suburban,1,0
384,4387.48,18.59,Online,75,Male,22866,Rural,2,0
385,3675.62,47.29,Restaurant,77,Male,132669,Suburban,3,1
386,4017.6,23.41,Restaurant,43,Male,25898,Rural,3,1
387,1410.89,55.69,Restaurant,55,Female,38395,Urban,1,0
388,888.02,9.42,Restaurant,18,Male,190091,Urban,4,1
389,3753.32,69.83,Restaurant,37,Male,24006,Urban,4,1
390,4034.37,32.67,Online,72,Male,185465,Urban,5,1
391,4952.54,17,Travel,45,Male,30956,Rural,3,1
392,2063.68,5.29,Online,33,Female,157150,Urban,1,0
393,1860.72,12.22,Online,64,Male,180703,Suburban,4,1
394,3882.29,37.42,Online,34,Female,115676,Urban,1,0
395,1704.68,24.26,Travel,57,Male,141724,Urban,1,0
396,4653.86,59.68,Retail,45,Female,82901,Urban,3,1
397,4292.21,31.02,Travel,75,Male,127227,Rural,5,1
398,2145.54,17.91,Online,29,Male,137192,Urban,3,1
399,3754.6,44.43,Restaurant,44,Female,192646,Suburban,0,0
400,3772.96,50.89,Restaurant,71,Male,51417,Urban,4,1
401,516.52,12.03,Online,70,Female,108020,Urban,4,1
402,4512.86,12.07,Restaurant,59,Male,103639,Urban,4,1
403,2526.76,2.64,Online,76,Female,114881,Suburban,2,0
404,4132.46,53.02,Restaurant,64,Male,190526,Urban,1,0
405,1600.93,47.79,Travel,47,Male,152659,Suburban,3,1
406,4477.72,34.17,Retail,58,Female,141688,Suburban,4,1
407,1946.62,60.78,Retail,51,Male,135584,Urban,0,0
408,55.18,58.01,Travel,54,Male,106567,Suburban,4,1
409,4527,42.15,Travel,23,Male,95886,Rural,5,1
410,457.34,62.52,Online,24,Male,169888,Urban,1,0
411,1597.25,14.82,Online,49,Male,49432,Urban,1,0
412,4750.36,8.06,Online,49,Male,199689,Suburban,3,1
413,4753.09,19.42,Restaurant,70,Female,92373,Suburban,2,0
414,2867.62,4.11,Online,42,Female,185289,Urban,3,1
415,3159.55,38.24,Travel,50,Female,40884,Rural,4,1
416,2242.78,67.44,Retail,72,Male,25454,Suburban,5,1
417,1466.76,2.83,Restaurant,75,Female,94960,Suburban,0,0
418,1643.99,8.79,Online,24,Male,122421,Rural,3,1
419,3362.92,32.56,Restaurant,69,Male,63618,Rural,2,0
420,3762.12,67.24,Restaurant,74,Male,67111,Urban,3,1
421,3958.1,22.76,Online,79,Male,190685,Rural,1,0
422,3948.3,36.52,Restaurant,29,Female,140592,Urban,4,1
423,456.94,2.99,Retail,33,Male,79993,Rural,4,1
424,2472.61,10.68,Travel,33,Female,148652,Suburban,4,1
425,288.74,71.04,Travel,60,Male,159920,Urban,4,1
426,2748.09,69.49,Retail,70,Female,98672,Urban,4,1
427,2208.21,0.36,Restaurant,53,Female,86125,Urban,4,1
428,4438.63,68.53,Online,30,Female,137509,Rural,0,0
429,1755.22,46.02,Restaurant,24,Female,81602,Suburban,2,0
430,586.22,62.49,Retail,53,Female,62222,Urban,4,1
431,715.82,32.74,Restaurant,64,Female,69223,Urban,2,0
432,3807.79,37.12,Travel,68,Male,85333,Urban,5,1
433,3091.47,35.2,Restaurant,26,Female,142650,Urban,4,1
434,506.51,48.01,Retail,49,Male,69420,Suburban,3,1
435,421.45,10.05,Travel,28,Female,95504,Rural,4,1
436,3505.14,2.16,Restaurant,25,Male,22462,Suburban,1,0
437,364.74,22.17,Restaurant,50,Female,29460,Urban,0,0
438,4109.48,50.74,Travel,40,Female,119319,Suburban,3,1
439,3531.5,14.53,Online,42,Male,160347,Urban,3,1
440,407.66,48.49,Travel,73,Female,164341,Rural,1,0
441,425.1,69.83,Online,25,Female,149593,Rural,4,1
442,4933.21,6.76,Retail,62,Female,142672,Rural,0,0
443,1871.98,48.43,Retail,39,Male,92920,Urban,3,1
444,1853.84,31.95,Travel,76,Female,42553,Suburban,0,0
445,4064.19,62.51,Travel,21,Male,175438,Rural,3,1
446,4736.3,12.75,Retail,57,Female,64036,Urban,4,1
447,4930.02,49.87,Online,20,Female,168441,Urban,5,1
448,3767.14,60.34,Retail,46,Male,162867,Suburban,3,1
449,1881.92,68.01,Travel,58,Female,90021,Rural,5,1
450,418.42,49.19,Retail,46,Female,127205,Urban,3,1
451,3885.96,35.8,Travel,51,Male,181215,Suburban,2,0
452,2792.46,44.49,Travel,51,Female,180497,Rural,4,1
453,2121.69,62.56,Retail,45,Male,108209,Suburban,1,0
454,4531.87,41.08,Online,30,Male,95139,Suburban,5,1
455,556.88,2.19,Restaurant,32,Male,25368,Urban,1,0
456,2463.63,67.03,Retail,77,Female,155693,Urban,4,1
457,57.76,49.65,Restaurant,40,Male,78829,Urban,1,0
458,2343.83,48.71,Retail,61,Male,149036,Suburban,4,1
459,282.46,15.53,Restaurant,43,Female,34719,Urban,1,0
460,594.97,47.44,Online,21,Male,49227,Suburban,5,1
461,588.51,28.36,Online,43,Female,129430,Suburban,2,0
462,3246.4,46.89,Retail,57,Female,158638,Urban,1,0
463,3730.48,7.67,Travel,26,Female,32306,Rural,5,1
464,2917.26,47.36,Restaurant,72,Female,73822,Rural,3,1
465,4810.9,71.96,Travel,22,Male,44042,Rural,4,1
466,1874.98,3.47,Travel,73,Male,166158,Suburban,0,0
467,1429.27,70.36,Travel,49,Male,168459,Suburban,0,0
468,4343.13,29.3,Online,37,Male,178114,Suburban,4,1
469,1118.76,62.69,Retail,67,Male,109424,Urban,2,0
470,4816.15,56.33,Retail,28,Female,169395,Suburban,1,0
471,61.76,40.83,Online,32,Male,38019,Urban,2,0
472,4849.42,53.17,Online,49,Male,95426,Urban,0,0
473,216.76,63.25,Retail,45,Male,60863,Rural,5,1
474,4455.82,29.1,Travel,39,Female,131023,Rural,4,1
475,2638.98,23.55,Restaurant,58,Female,161355,Rural,4,1
476,4964.83,48.07,Restaurant,34,Male,169351,Urban,2,0
477,369.91,58.16,Restaurant,76,Female,66999,Urban,5,1
478,2769.72,54.88,Travel,43,Male,82780,Urban,2,0
479,4846.54,57.44,Retail,61,Male,42908,Suburban,1,0
480,2615.97,31.36,Online,24,Female,146278,Urban,3,1
481,3147.36,58.88,Retail,59,Female,133002,Rural,5,1
482,3479.05,8.66,Travel,74,Male,189024,Rural,3,1
483,2273.25,39.2,Online,43,Male,120706,Urban,1,0
484,3138.16,0.41,Travel,42,Female,188735,Urban,3,1
485,2921.99,23.37,Restaurant,27,Male,142019,Rural,0,0
486,4505.89,26.39,Restaurant,76,Female,129708,Urban,3,1
487,228.19,28.52,Travel,62,Male,199001,Rural,1,0
488,1405.53,50.07,Online,36,Female,29343,Suburban,3,1
489,4752.11,27.98,Online,28,Male,96173,Rural,4,1
490,4451.43,32.31,Retail,30,Male,120260,Suburban,2,0
491,2278.83,17.1,Restaurant,70,Female,190863,Urban,0,0
492,3101.04,26.87,Retail,25,Male,180206,Urban,4,1
493,1387.63,16.36,Retail,57,Male,198173,Suburban,4,1
494,941.42,5.27,Travel,21,Female,89443,Urban,1,0
495,2319.03,43.45,Travel,64,Male,77530,Suburban,2,0
496,1767.41,48.11,Retail,48,Male,197871,Urban,2,0
497,2918.7,44.6,Restaurant,45,Male,155899,Rural,5,1
498,389.6,33.37,Travel,28,Female,116143,Urban,0,0
499,4872,27.34,Retail,60,Female,164771,Rural,1,0
500,4931.07,62.16,Retail,18,Female,134527,Rural,0,0
501,3491.11,37.37,Retail,66,Male,156385,Suburban,5,1
502,2680.95,34.5,Retail,64,Male,164670,Urban,3,1
503,1548.33,1.85,Retail,69,Male,131362,Suburban,4,1
504,4069.16,24.57,Retail,55,Male,48807,Urban,0,0
505,3423.97,27.37,Travel,41,Female,196298,Rural,4,1
506,813.92,28.72,Restaurant,71,Male,79550,Rural,1,0
507,4554.72,41.77,Retail,77,Male,23558,Urban,3,1
508,4112.86,38.42,Online,74,Male,70113,Urban,1,0
509,4749.05,43.77,Travel,64,Female,72999,Suburban,3,1
510,3628.87,55.07,Travel,48,Male,187415,Urban,3,1
511,3067.46,58.53,Retail,58,Male,78219,Urban,4,1
512,2091.8,51.7,Travel,63,Male,186258,Urban,1,0
513,4663.71,68.8,Retail,67,Male,188038,Suburban,1,0
514,4330.45,1.31,Restaurant,43,Male,184841,Urban,0,0
515,227.05,14.1,Restaurant,66,Female,73218,Rural,1,0
516,132.81,0.54,Travel,67,Male,39229,Suburban,0,0
517,1882.94,46.62,Travel,22,Male,95209,Suburban,2,0
518,4052.96,64.66,Online,37,Male,47877,Rural,2,0
519,4936.39,17.53,Travel,69,Male,117137,Rural,2,0
520,752.93,66.75,Online,58,Male,58084,Rural,5,1
521,2971.06,4.34,Restaurant,28,Male,101780,Urban,1,0
522,1905.07,67.28,Restaurant,73,Male,167878,Rural,5,1
523,4849.6,25.32,Retail,71,Male,57034,Urban,1,0
524,4210.75,7.3,Restaurant,50,Male,191389,Suburban,0,0
525,4191.81,34.98,Online,67,Male,75468,Suburban,5,1
526,2344,18.49,Travel,55,Female,170166,Rural,5,1
527,2074.68,20.51,Retail,44,Female,30589,Urban,5,1
528,1367.76,22.12,Online,51,Female,77221,Rural,3,1
529,282.82,57.82,Travel,32,Female,21657,Rural,0,0
530,4323.75,38.82,Retail,49,Male,118300,Urban,2,0
531,4064.69,22.41,Restaurant,78,Female,137229,Rural,0,0
532,4998.59,43.94,Online,75,Female,59531,Suburban,3,1
533,4983.19,51.56,Travel,38,Male,72227,Rural,1,0
534,2777.6,19.63,Retail,63,Female,23164,Urban,0,0
535,3845.17,29.78,Retail,22,Female,113078,Urban,5,1
536,4723.88,8.78,Restaurant,23,Male,61247,Suburban,2,0
537,4248.39,13.04,Travel,55,Male,170673,Urban,2,0
538,1237.49,49.04,Restaurant,79,Male,70599,Urban,1,0
539,2253.27,13.06,Restaurant,39,Female,155624,Suburban,0,0
540,646.67,37.81,Travel,79,Female,160489,Rural,3,1
541,4770.3,51.05,Travel,35,Male,88207,Suburban,1,0
542,3031.27,7.7,Travel,31,Male,92055,Rural,0,0
543,1143.99,40.85,Online,27,Female,122266,Suburban,4,1
544,3358.83,18.47,Travel,63,Male,98270,Rural,2,0
545,3091.02,69.33,Retail,30,Female,131426,Suburban,3,1
546,1791.46,34.82,Restaurant,48,Male,154794,Rural,5,1
547,568.67,58.03,Online,47,Male,90442,Suburban,3,1
548,3358.19,39.62,Travel,20,Female,115632,Rural,5,1
549,2602.02,3.13,Online,47,Male,191103,Suburban,3,1
550,3861.82,45.59,Travel,23,Male,41438,Urban,2,0
551,2601.3,68.5,Online,46,Male,78819,Rural,5,1
552,4261.06,43.32,Restaurant,25,Female,63856,Suburban,0,0
553,2759.98,58.98,Restaurant,61,Male,184648,Rural,5,1
554,2805.13,63.66,Retail,62,Male,61938,Rural,1,0
555,4383.39,16.42,Retail,60,Male,79807,Suburban,0,0
556,2018.01,15.27,Travel,61,Male,69877,Rural,1,0
557,670.94,43.99,Restaurant,50,Male,63461,Suburban,3,1
558,144.88,29.59,Online,34,Male,113474,Urban,0,0
559,3775.93,60.47,Online,65,Female,191541,Rural,3,1
560,3101.93,64.8,Online,28,Female,103136,Urban,4,1
561,3520.69,25.45,Retail,30,Male,40435,Rural,3,1
562,1065.61,17.05,Online,67,Female,165263,Rural,3,1
563,682.72,56.2,Retail,28,Female,104726,Rural,1,0
564,73.71,19.79,Retail,48,Male,178458,Suburban,5,1
565,1753.59,59.23,Travel,45,Female,182793,Urban,4,1
566,2950,30.51,Online,61,Female,74786,Rural,3,1
567,1961.83,48.06,Online,23,Female,33704,Suburban,3,1
568,2187.94,6.88,Restaurant,58,Female,76635,Rural,4,1
569,4520.89,44.92,Travel,33,Female,153195,Suburban,4,1
570,1741.93,32.53,Restaurant,21,Female,110710,Rural,0,0
571,2570.43,42.24,Travel,52,Female,82993,Urban,1,0
572,3918.48,12.1,Online,77,Female,132752,Urban,4,1
573,1983.32,53.05,Retail,65,Male,176488,Rural,4,1
574,3110.81,62.12,Retail,73,Male,152886,Suburban,2,0
575,4311.96,15.61,Retail,76,Female,98537,Rural,5,1
576,4747.65,6.89,Retail,43,Female,70258,Suburban,4,1
577,736.22,1.7,Retail,79,Male,167580,Rural,1,0
578,4633.01,46.22,Restaurant,74,Female,105166,Suburban,5,1
579,2461.09,43.71,Travel,29,Female,133710,Urban,5,1
580,1291.96,39.36,Online,28,Male,55699,Rural,3,1
581,2296.22,16.7,Restaurant,54,Male,66335,Urban,3,1
582,4900.18,28.15,Travel,42,Male,66806,Urban,3,1
583,2463.6,42.8,Retail,35,Female,97853,Rural,3,1
584,1644.43,35.77,Travel,36,Female,55739,Rural,2,0
585,3167.37,71.12,Travel,40,Male,54785,Suburban,4,1
586,1201.49,9.82,Retail,72,Male,183052,Suburban,3,1
587,380.24,50.05,Retail,55,Female,105016,Urban,0,0
588,645.27,29.11,Retail,71,Male,152681,Suburban,3,1
589,641.1,30.83,Online,35,Female,86253,Suburban,4,1
590,760.36,51.67,Retail,43,Female,111128,Rural,3,1
591,695,49.86,Online,23,Male,179213,Suburban,2,0
592,3204.73,71.37,Retail,21,Male,181081,Urban,1,0
593,910.22,9.24,Online,61,Female,147581,Suburban,1,0
594,1728.99,7.5,Travel,68,Male,130966,Urban,4,1
595,4484.05,52.15,Restaurant,46,Male,157854,Rural,1,0
596,2370.33,41.64,Travel,76,Male,119352,Urban,1,0
597,3338.12,19.74,Travel,78,Male,177005,Suburban,0,0
598,862.43,5.72,Retail,51,Female,97154,Rural,4,1
599,962.25,6.17,Online,34,Female,159379,Suburban,4,1
600,205.3,64.38,Restaurant,60,Female,128297,Rural,1,0
601,845.51,13.81,Retail,60,Female,58346,Rural,1,0
602,1393.67,23.28,Retail,70,Male,132138,Suburban,1,0
603,885.88,16.32,Retail,33,Male,70772,Suburban,5,1
604,444.42,25.56,Travel,19,Female,60149,Rural,2,0
605,604.06,5,Online,51,Female,106700,Rural,3,1
606,2304.43,37.37,Online,72,Male,178598,Suburban,2,0
607,1032.46,4.87,Restaurant,25,Female,116758,Urban,4,1
608,1821.99,57.63,Online,30,Female,148447,Suburban,0,0
609,2517.58,16.83,Online,59,Male,25695,Rural,3,1
610,3452.28,38.88,Retail,25,Female,59169,Suburban,0,0
611,197.52,63.37,Retail,47,Male,67947,Urban,5,1
612,3997.25,46.86,Travel,49,Male,198296,Suburban,4,1
613,3139.87,38.37,Retail,53,Female,65865,Rural,5,1
614,409.71,23.35,Retail,64,Male,176625,Suburban,4,1
615,4368.02,23.98,Retail,47,Female,124501,Rural,0,0
616,4604.44,48.2,Retail,18,Male,80410,Rural,0,0
617,306.33,71.58,Travel,60,Female,123754,Suburban,0,0
618,1385.11,47.65,Retail,56,Female,110895,Rural,4,1
619,4031.2,40.16,Restaurant,34,Female,175888,Rural,1,0
620,3741.55,52.61,Restaurant,76,Male,70705,Urban,0,0
621,923.42,33.49,Restaurant,37,Male,135700,Urban,5,1
622,1047.54,4.33,Restaurant,41,Female,93914,Urban,3,1
623,1852.99,40.49,Retail,67,Male,21881,Urban,4,1
624,2423.13,68.95,Restaurant,39,Female,190639,Rural,5,1
625,3091.66,12.62,Retail,46,Female,67365,Suburban,2,0
626,1845.2,49.68,Travel,39,Male,99211,Rural,2,0
627,2313.21,14.47,Restaurant,61,Female,176078,Rural,3,1
628,3737.61,38.58,Online,26,Male,61198,Rural,1,0
629,184.38,6.96,Restaurant,54,Female,173903,Suburban,0,0
630,1262.93,32.43,Restaurant,27,Male,120649,Urban,4,1
631,3567.03,54.44,Retail,53,Female,167531,Rural,5,1
632,4476.14,25.03,Restaurant,54,Female,183515,Rural,0,0
633,2558.88,47.87,Online,45,Male,193388,Urban,5,1
634,2661.04,57.27,Retail,45,Female,156949,Rural,4,1
635,536.75,66.76,Retail,59,Female,59553,Suburban,2,0
636,2237.61,16.89,Travel,80,Male,155994,Rural,0,0
637,2663.55,28.75,Travel,60,Female,142778,Rural,3,1
638,1213.11,10.97,Restaurant,38,Male,137018,Urban,1,0
639,1346.95,71.46,Travel,41,Female,155758,Rural,3,1
640,1887.04,66.74,Travel,59,Male,52766,Rural,1,0
641,101.34,38.88,Travel,77,Female,52006,Suburban,5,1
642,1611.07,60.63,Retail,57,Female,51422,Urban,0,0
643,1058.03,37.51,Retail,19,Female,136590,Urban,0,0
644,1638.16,44.9,Retail,72,Male,32205,Suburban,1,0
645,599.69,6.42,Travel,25,Male,174599,Rural,2,0
646,4452.75,54.38,Retail,65,Male,169515,Urban,4,1
647,2968.37,9.2,Travel,44,Male,167596,Urban,3,1
648,3395.83,59.48,Retail,39,Female,136477,Rural,5,1
649,3946.07,56.31,Retail,54,Female,48202,Rural,3,1
650,2492.71,51.03,Online,44,Male,197214,Urban,3,1
651,435.51,2.6,Restaurant,74,Male,81692,Rural,5,1
652,2686,21.83,Travel,46,Male,40855,Urban,5,1
653,2934.62,18.94,Online,20,Female,45095,Rural,0,0
654,3727.45,25.93,Retail,61,Male,189796,Rural,3,1
655,2158.87,6.31,Travel,30,Male,69241,Suburban,4,1
656,638.77,67.46,Retail,62,Female,123119,Rural,4,1
657,1419.6,39.87,Restaurant,27,Female,72003,Suburban,1,0
658,1816.05,22,Online,53,Male,114837,Rural,5,1
659,3229.94,28.58,Restaurant,26,Female,114283,Urban,0,0
660,2854.32,32.2,Online,71,Male,167044,Urban,4,1
661,1781.13,43.24,Retail,73,Female,143805,Rural,2,0
662,4932.59,37.13,Restaurant,72,Male,113846,Rural,0,0
663,3029.27,66.2,Restaurant,44,Male,42927,Urban,0,0
664,1186.9,35.78,Retail,51,Male,140589,Rural,4,1
665,509.81,71.44,Restaurant,68,Male,135657,Suburban,2,0
666,765.14,61.3,Travel,18,Female,86630,Suburban,1,0
667,1230.54,15.01,Online,49,Female,124428,Suburban,4,1
668,804.25,67,Online,42,Female,142035,Suburban,2,0
669,933.65,8.38,Online,46,Female,146244,Suburban,0,0
670,1426.19,58.86,Travel,24,Male,89518,Rural,2,0
671,867.69,27.4,Online,66,Male,196355,Rural,0,0
672,4483.93,63.21,Retail,20,Female,101326,Suburban,4,1
673,402.09,62.5,Restaurant,37,Female,163277,Rural,5,1
674,2623.03,58.03,Travel,37,Female,140243,Rural,4,1
675,2052.57,56.88,Online,70,Female,32748,Suburban,3,1
676,4911.91,21.94,Retail,47,Female,172169,Rural,3,1
677,561.08,5.83,Restaurant,52,Male,154164,Rural,3,1
678,1989.88,29.01,Restaurant,52,Male,73311,Rural,4,1
679,4847.38,12.49,Travel,66,Male,42692,Suburban,1,0
680,4327.67,50.04,Travel,56,Female,144954,Rural,4,1
681,4085.54,24.92,Travel,44,Female,174934,Urban,5,1
682,1290.26,70.24,Retail,43,Female,150035,Urban,2,0
683,855.27,46.15,Retail,31,Female,99507,Suburban,4,1
684,3343.55,59.22,Travel,34,Male,100152,Urban,4,1
685,4646.95,9.54,Online,35,Male,24926,Suburban,0,0
686,2784.26,62.07,Restaurant,62,Female,23969,Urban,0,0
687,2858.49,66.44,Restaurant,69,Male,55733,Urban,0,0
688,1400.62,35.07,Retail,46,Male,89855,Urban,4,1
689,3847.7,43.65,Restaurant,37,Female,61743,Suburban,1,0
690,936.03,55.07,Online,70,Female,150193,Suburban,2,0
691,1619.07,12.59,Restaurant,44,Female,190948,Rural,2,0
692,2127.76,36.18,Retail,35,Female,127445,Suburban,5,1
693,2538.54,28.7,Retail,21,Female,40323,Urban,1,0
694,1212.81,10.54,Online,18,Female,36428,Urban,1,0
695,575.07,26.46,Online,67,Male,54578,Suburban,2,0
696,3053.49,4.91,Restaurant,18,Male,106486,Suburban,3,1
697,1443.86,1.86,Restaurant,75,Female,84140,Suburban,0,0
698,2906.61,9.73,Retail,43,Male,127325,Rural,0,0
699,772.66,69.34,Online,62,Female,103829,Urban,2,0
700,2406.22,39.57,Online,37,Female,26364,Rural,1,0
701,2663.41,69.54,Online,69,Female,148867,Rural,5,1
702,260.07,31.14,Restaurant,40,Female,186421,Urban,3,1
703,1683.68,22.45,Online,27,Male,151763,Urban,2,0
704,672.94,36.44,Retail,76,Female,115598,Suburban,0,0
705,317.81,31.64,Retail,28,Male,196968,Suburban,4,1
706,4949.81,7.61,Restaurant,58,Female,77062,Rural,1,0
707,1612.45,46.14,Travel,58,Female,164933,Suburban,4,1
708,4049.56,15.55,Restaurant,22,Female,108302,Suburban,5,1
709,1273.95,44.61,Travel,75,Male,83928,Urban,2,0
710,3407.83,46.81,Online,18,Female,61347,Urban,0,0
711,3801.38,10.95,Restaurant,34,Female,23121,Suburban,3,1
712,2978.6,4.42,Retail,39,Female,103793,Urban,4,1
713,2358.41,56.21,Online,51,Male,48164,Suburban,3,1
714,2059.79,33.11,Retail,73,Male,45491,Urban,5,1
715,1744.99,4.19,Online,62,Male,79222,Urban,0,0
716,4647.72,71.63,Restaurant,58,Female,174237,Urban,4,1
717,4153.27,4.16,Travel,46,Male,23748,Urban,5,1
718,4825.17,50.04,Online,21,Female,46553,Suburban,3,1
719,622.36,70.82,Travel,22,Male,136547,Rural,3,1
720,3654.61,17.22,Online,28,Male,80380,Urban,4,1
721,4691.76,10.24,Retail,73,Female,64331,Suburban,0,0
722,906.98,8.74,Retail,68,Male,140617,Suburban,3,1
723,333.41,21.84,Online,38,Female,59560,Urban,2,0
724,3705.86,7.28,Travel,52,Female,73865,Rural,5,1
725,2872.79,49.84,Restaurant,29,Male,197758,Urban,4,1
726,4209.3,4.49,Restaurant,43,Female,95910,Suburban,1,0
727,699.72,36.68,Retail,68,Female,155747,Rural,1,0
728,3976.54,71.76,Restaurant,36,Male,97986,Suburban,0,0
729,1008.93,58.61,Retail,62,Male,30068,Urban,2,0
730,819.12,44.3,Restaurant,77,Female,74460,Rural,3,1
731,822.16,22.05,Online,24,Male,120766,Suburban,1,0
732,4073.06,44.92,Retail,64,Female,66418,Suburban,0,0
733,3326.32,37.95,Retail,72,Female,46206,Suburban,5,1
734,2615.8,30.68,Online,24,Male,148180,Urban,2,0
735,1794.79,9.41,Retail,43,Male,20287,Rural,2,0
736,4386.13,63.84,Restaurant,57,Male,42337,Urban,0,0
737,1962.83,32.38,Restaurant,22,Male,171738,Urban,0,0
738,4083.18,14.01,Retail,38,Female,152233,Urban,3,1
739,2196.24,26.48,Restaurant,31,Female,120667,Rural,0,0
740,1885.35,29.82,Travel,21,Male,110071,Urban,3,1
741,2313.94,59.58,Retail,40,Male,118064,Urban,3,1
742,1507.59,52.82,Online,59,Female,189823,Urban,4,1
743,3738.3,55.39,Travel,37,Female,126511,Urban,2,0
744,2514.1,0.79,Retail,32,Female,165830,Suburban,5,1
745,1161.83,29.96,Online,67,Female,23178,Urban,2,0
746,4497.97,34.66,Restaurant,69,Male,51831,Suburban,2,0
747,1920.07,1.38,Online,62,Female,153248,Urban,4,1
748,2718.22,18.71,Travel,46,Female,123306,Rural,3,1
749,4532.45,54.74,Restaurant,25,Male,184726,Suburban,3,1
750,3121.57,9.87,Retail,58,Female,177699,Suburban,0,0
751,585.37,38.54,Restaurant,65,Female,132025,Suburban,4,1
752,4699.22,15.49,Retail,36,Male,195982,Suburban,0,0
753,3138.91,0.87,Retail,65,Male,110417,Rural,4,1
754,1675.19,17.37,Online,56,Male,186494,Urban,0,0
755,697.22,70.26,Online,63,Female,31984,Suburban,1,0
756,3970.33,57.71,Online,45,Female,109312,Rural,2,0
757,3100.74,69.09,Travel,63,Male,103291,Suburban,2,0
758,2667.77,35.13,Travel,74,Male,27135,Urban,5,1
759,4469.57,7.9,Online,44,Female,20320,Suburban,3,1
760,3943.2,39.45,Travel,21,Male,172756,Rural,5,1
761,759.22,32.72,Restaurant,75,Male,108774,Urban,1,0
762,1559.3,60.79,Restaurant,32,Male,172961,Rural,5,1
763,1243.2,7.06,Travel,52,Female,118071,Urban,2,0
764,3719.99,35.15,Travel,54,Female,199971,Urban,3,1
765,168.63,10.8,Restaurant,18,Female,161842,Urban,1,0
766,2849.88,23.38,Retail,20,Female,190393,Suburban,2,0
767,3812.53,53.09,Restaurant,64,Female,129863,Rural,0,0
768,4383.95,34.27,Restaurant,41,Female,61777,Rural,4,1
769,1711.07,27.06,Travel,44,Male,66250,Rural,1,0
770,4106.47,28.4,Restaurant,57,Female,93034,Urban,3,1
771,554.05,33.08,Travel,80,Female,124940,Suburban,5,1
772,4232.42,56.52,Travel,78,Male,60130,Urban,5,1
773,638.32,64.23,Online,53,Female,153609,Rural,1,0
774,1987.04,68.78,Restaurant,51,Female,35216,Suburban,3,1
775,3986.68,56.66,Retail,46,Male,104149,Suburban,1,0
776,750.44,22.71,Online,41,Male,23009,Suburban,3,1
777,1147.03,49.55,Travel,41,Male,109904,Rural,5,1
778,3611.54,31.51,Travel,59,Female,180399,Suburban,2,0
779,3600.46,18.34,Retail,21,Male,165281,Suburban,0,0
780,3206.1,60.54,Travel,20,Female,199515,Urban,2,0
781,3470.05,2.77,Restaurant,51,Female,35029,Urban,0,0
782,2714.08,64.93,Online,74,Female,122171,Suburban,5,1
783,1259.74,33.23,Travel,66,Female,134456,Suburban,2,0
784,1729.13,45.88,Travel,40,Male,82559,Urban,2,0
785,908.81,47.47,Retail,70,Male,84892,Urban,1,0
786,4542.34,64.45,Restaurant,73,Female,90409,Urban,4,1
787,2917.38,45.84,Travel,69,Male,159707,Rural,5,1
788,2004.86,44.2,Retail,40,Female,53065,Rural,3,1
789,2310.57,4.8,Travel,62,Female,140544,Urban,5,1
790,4736.47,37.33,Retail,22,Female,127340,Suburban,3,1
791,767.6,10.81,Retail,48,Male,53783,Urban,3,1
792,2931.56,53.1,Restaurant,79,Female,54152,Rural,0,0
793,2529.94,36.88,Travel,70,Female,78741,Suburban,3,1
794,3057.66,48.98,Restaurant,79,Male,127049,Rural,3,1
795,91.53,3,Retail,58,Male,49092,Suburban,1,0
796,4360.75,6.11,Online,74,Male,168725,Rural,2,0
797,4660.66,51.58,Travel,78,Male,191541,Suburban,5,1
798,2826.1,5.19,Online,74,Female,106483,Suburban,5,1
799,3483.56,5.13,Travel,77,Male,141585,Suburban,3,1
800,4612.57,0.87,Restaurant,71,Female,79754,Suburban,4,1
801,3536.49,68.87,Restaurant,23,Male,181050,Rural,5,1
802,763.54,53.1,Restaurant,54,Male,107592,Rural,3,1
803,2881.87,25.43,Restaurant,74,Male,114543,Suburban,0,0
804,3033.97,21.35,Restaurant,27,Male,63169,Suburban,0,0
805,2121.23,25.18,Online,57,Male,199359,Rural,0,0
806,3682.48,55.78,Restaurant,24,Male,74745,Suburban,3,1
807,4671.9,47.62,Retail,56,Female,130168,Suburban,1,0
808,4627.92,13.33,Retail,55,Male,133985,Suburban,4,1
809,2254.75,12.54,Online,38,Male,25543,Urban,3,1
810,567.08,7.08,Travel,78,Male,41067,Suburban,1,0
811,4924.22,47.54,Retail,37,Male,71033,Urban,1,0
812,4194.65,55.03,Travel,20,Female,65256,Suburban,5,1
813,624.19,19.08,Online,68,Male,173263,Rural,3,1
814,4604.29,1.51,Travel,39,Male,106803,Urban,3,1
815,4349.61,5.92,Travel,64,Male,138843,Urban,1,0
816,2594.67,69.69,Travel,21,Male,48992,Suburban,1,0
817,2956.79,21.27,Travel,45,Female,68803,Suburban,1,0
818,1995.61,55.38,Online,29,Male,129975,Urban,5,1
819,274.75,44.98,Retail,55,Female,164282,Rural,3,1
820,1676.65,27.5,Restaurant,68,Male,46270,Rural,1,0
821,4014.46,14.81,Travel,80,Female,156269,Suburban,0,0
822,24.16,8.74,Retail,53,Female,27452,Rural,3,1
823,1668.16,44.28,Retail,64,Male,61486,Rural,5,1
824,1991.45,55.77,Online,58,Male,34859,Suburban,0,0
825,2687.44,46.36,Retail,22,Female,178308,Rural,2,0
826,4599.36,38.18,Online,30,Female,182971,Suburban,3,1
827,1732.38,3.02,Travel,40,Male,52083,Urban,2,0
828,1735.42,69.73,Travel,75,Female,87708,Suburban,1,0
829,3687.77,57.51,Restaurant,67,Female,131462,Urban,5,1
830,2261.64,21.08,Restaurant,47,Female,167735,Urban,1,0
831,1123.8,70.56,Restaurant,79,Male,113076,Rural,5,1
832,2262.75,43.34,Retail,54,Female,39053,Rural,4,1
833,705.14,41.93,Travel,42,Female,162157,Rural,1,0
834,882.76,53.86,Online,65,Female,181636,Suburban,2,0
835,2492.34,58.45,Restaurant,44,Male,109745,Rural,5,1
836,2095.21,47.27,Online,68,Male,89517,Urban,1,0
837,4574.31,9.22,Online,31,Female,172225,Rural,3,1
838,1812.61,24.36,Restaurant,74,Male,156319,Rural,5,1
839,2903.36,66.82,Travel,79,Female,161625,Suburban,5,1
840,3161.69,16.17,Restaurant,65,Male,171883,Suburban,1,0
841,66.46,26.8,Online,76,Male,157207,Urban,4,1
842,3318.02,31.11,Restaurant,64,Female,156645,Suburban,1,0
843,891,31.64,Online,71,Male,99267,Rural,2,0
844,4805.39,44.13,Online,53,Male,158261,Suburban,2,0
845,744.16,67.9,Restaurant,56,Male,100077,Urban,5,1
846,2073.71,17.33,Retail,33,Female,194718,Rural,5,1
847,427.66,8.75,Restaurant,73,Male,96623,Urban,1,0
848,4984.37,14.22,Retail,39,Male,151004,Suburban,2,0
849,2511.47,63.86,Online,38,Female,73687,Suburban,2,0
850,2977.33,46.5,Online,71,Male,88312,Urban,4,1
851,336.32,20.59,Retail,38,Male,127615,Rural,3,1
852,3750.05,58.75,Online,25,Male,150976,Suburban,4,1
853,1050.32,62.02,Retail,66,Male,47564,Suburban,0,0
854,4490.37,60.95,Retail,33,Male,48835,Rural,4,1
855,1026.49,66.16,Online,76,Female,27697,Suburban,1,0
856,954.25,18.16,Travel,72,Female,100165,Urban,3,1
857,183.71,54.36,Retail,48,Male,168118,Suburban,1,0
858,2360.86,33.16,Restaurant,59,Male,77823,Suburban,0,0
859,2824.64,60.62,Restaurant,27,Male,29615,Rural,3,1
860,329.48,52.45,Online,49,Female,156132,Urban,5,1
861,3877.86,55.9,Travel,76,Female,150499,Rural,2,0
862,2266.99,47.24,Online,51,Male,96436,Suburban,4,1
863,2622.43,12.77,Travel,80,Male,140562,Suburban,1,0
864,2204.37,39.24,Retail,79,Female,91117,Rural,0,0
865,2004.41,70.9,Retail,26,Male,54782,Rural,2,0
866,2798.64,67.49,Retail,34,Female,98533,Rural,4,1
867,777.05,3.11,Retail,28,Female,92684,Urban,2,0
868,910.46,11.87,Restaurant,49,Male,99558,Suburban,4,1
869,4309.07,9.48,Restaurant,27,Female,101422,Rural,5,1
870,4730.63,52.27,Online,39,Male,176328,Suburban,3,1
871,1867.17,58.88,Travel,74,Male,181077,Urban,2,0
872,1354.45,15.37,Retail,34,Male,26638,Urban,2,0
873,3220.35,36.42,Retail,21,Male,57419,Urban,2,0
874,2044.26,60.53,Travel,65,Male,53377,Urban,3,1
875,127.91,52.76,Travel,69,Male,126244,Suburban,0,0
876,781.61,39.04,Online,64,Female,194188,Urban,4,1
877,3580.15,42.51,Travel,42,Female,187706,Urban,5,1
878,3294.96,36.6,Retail,76,Female,43382,Rural,2,0
879,136.45,21.42,Retail,38,Female,173466,Urban,3,1
880,1110.64,40.68,Retail,54,Male,87789,Rural,0,0
881,1156.14,49.6,Retail,55,Female,130634,Urban,4,1
882,3359.79,62.88,Retail,66,Female,151936,Urban,3,1
883,99.53,45.81,Online,18,Female,119572,Rural,5,1
884,521.44,54.8,Retail,80,Male,191294,Urban,5,1
885,3999.78,11.53,Online,42,Female,164738,Suburban,4,1
886,893.54,33.23,Retail,68,Male,143664,Suburban,2,0
887,3264.08,0.67,Restaurant,53,Female,172027,Urban,5,1
888,1191.68,17.76,Restaurant,34,Male,130674,Suburban,0,0
889,498.11,52.31,Restaurant,58,Male,123533,Rural,3,1
890,1216.62,71.41,Restaurant,80,Female,101845,Urban,0,0
891,3611.61,7.14,Online,41,Male,89590,Urban,2,0
892,4278.63,28.91,Online,19,Male,147775,Rural,0,0
893,4151.27,57.61,Travel,57,Female,86471,Rural,0,0
894,1986.52,14.69,Retail,32,Female,63298,Rural,1,0
895,3340.76,39.97,Restaurant,49,Female,68924,Urban,0,0
896,1025.72,52.78,Online,56,Male,167781,Rural,4,1
897,1466.45,44.35,Retail,76,Male,29726,Rural,3,1
898,4481.78,13.54,Retail,23,Male,60542,Suburban,1,0
899,66,25.59,Online,18,Female,171317,Suburban,3,1
900,428.46,56.43,Restaurant,64,Male,54753,Urban,3,1
901,1040.22,39.9,Travel,40,Male,99788,Suburban,2,0
902,133.63,0.38,Retail,75,Male,41316,Suburban,2,0
903,908,54.79,Travel,56,Male,104698,Rural,1,0
904,2915.62,2.54,Restaurant,78,Male,35960,Rural,5,1
905,2107.7,53.69,Restaurant,79,Male,50791,Suburban,2,0
906,4463.47,14.58,Travel,74,Male,45216,Suburban,2,0
907,4087.4,68.98,Restaurant,34,Female,183539,Suburban,2,0
908,1709.74,26.49,Retail,51,Female,84427,Urban,3,1
909,1297.86,23.54,Travel,76,Female,132470,Urban,1,0
910,1899.08,10.72,Restaurant,58,Male,93290,Urban,3,1
911,2951.88,22,Travel,46,Male,67014,Suburban,4,1
912,1341.05,63.12,Retail,26,Female,155150,Suburban,3,1
913,3121.12,71.74,Restaurant,30,Male,70519,Urban,4,1
914,2047.65,26.52,Retail,23,Female,24042,Urban,0,0
915,2760.68,32.3,Restaurant,23,Male,69052,Suburban,0,0
916,2181.2,51.99,Online,37,Male,34389,Rural,4,1
917,1473.03,63.81,Restaurant,69,Female,115961,Urban,4,1
918,4742.32,42.7,Travel,70,Female,88111,Suburban,3,1
919,3818.27,28.19,Restaurant,20,Female,125058,Suburban,4,1
920,701.43,29.71,Retail,34,Female,113715,Rural,1,0
921,4342.47,50.08,Retail,80,Female,70733,Suburban,0,0
922,2437.67,0.23,Restaurant,66,Male,54754,Suburban,0,0
923,4472.87,44.61,Travel,29,Male,169696,Urban,5,1
924,3999.48,25.6,Online,65,Male,105886,Urban,4,1
925,2126.64,57.18,Travel,64,Female,177753,Rural,2,0
926,113.32,6.7,Online,62,Female,109524,Rural,2,0
927,1344.12,42.35,Retail,72,Female,101006,Suburban,4,1
928,2708.63,34.63,Travel,18,Female,44704,Urban,1,0
929,3167.76,46.25,Online,34,Female,114913,Rural,2,0
930,1290.18,4.67,Restaurant,20,Female,114108,Rural,5,1
931,697.64,41.76,Retail,43,Male,27493,Rural,4,1
932,4174.82,40.43,Restaurant,32,Male,89639,Suburban,1,0
933,4922.03,40.37,Retail,53,Male,74383,Urban,1,0
934,2628.93,43.45,Travel,49,Male,154066,Rural,3,1
935,859.22,48.71,Travel,49,Male,67234,Urban,1,0
936,1362.26,57.96,Retail,21,Female,198363,Rural,2,0
937,92.93,19.43,Retail,35,Female,148674,Rural,2,0
938,4571.58,59.4,Retail,66,Female,25594,Urban,4,1
939,589.64,35.87,Travel,36,Female,27371,Urban,4,1
940,2883.01,5.55,Online,60,Female,67315,Urban,1,0
941,1371,4.22,Restaurant,69,Female,147251,Suburban,5,1
942,2771.34,24.07,Restaurant,52,Male,99526,Rural,0,0
943,3257.45,56.51,Travel,57,Female,167698,Suburban,3,1
944,4148.88,50.95,Restaurant,31,Female,106005,Urban,0,0
945,1032.9,56.78,Retail,75,Female,125573,Rural,1,0
946,55.97,37.24,Online,50,Female,158202,Suburban,1,0
947,685.29,31.69,Restaurant,31,Male,157900,Rural,0,0
948,4500.19,10.62,Online,51,Male,77514,Suburban,3,1
949,4369.58,23.63,Retail,78,Female,168955,Urban,0,0
950,2987.47,31.25,Restaurant,72,Male,194131,Suburban,4,1
951,3002.98,6.38,Travel,21,Male,194004,Rural,2,0
952,3325.52,15.88,Online,41,Female,95986,Rural,5,1
953,877.68,43.07,Retail,76,Female,105959,Rural,4,1
954,4572.15,52.97,Online,46,Female,22035,Rural,2,0
955,2094.43,71.88,Restaurant,36,Female,129767,Urban,5,1
956,1916.31,67.18,Restaurant,23,Female,191817,Suburban,5,1
957,2595.07,46.26,Travel,74,Male,37241,Urban,5,1
958,235.78,30.33,Retail,50,Female,72975,Urban,1,0
959,832.25,45.8,Retail,66,Female,174226,Urban,5,1
960,3690.43,56.57,Travel,57,Female,176697,Rural,3,1
961,414.91,8.52,Travel,36,Male,196022,Rural,0,0
962,3016.16,29.51,Retail,70,Female,76396,Rural,3,1
963,1227.5,60.47,Online,18,Female,138920,Suburban,0,0
964,1947.09,27.64,Online,22,Female,164403,Rural,4,1
965,1444.18,41.17,Travel,44,Male,106226,Suburban,4,1
966,1779.01,42.32,Online,33,Female,104719,Rural,0,0
967,3595.51,13.28,Retail,23,Female,83014,Rural,3,1
968,1486.31,26.08,Restaurant,57,Female,59346,Urban,0,0
969,2832.46,24.08,Restaurant,30,Male,90411,Urban,5,1
970,2380.78,1.89,Online,65,Female,163326,Urban,1,0
971,3318.69,1.74,Travel,79,Female,179693,Suburban,4,1
972,4684.21,59.88,Travel,52,Female,96441,Suburban,1,0
973,3663.13,19.66,Travel,36,Male,66121,Rural,5,1
974,1075.49,37.3,Travel,29,Female,80197,Suburban,5,1
975,156.88,21.51,Travel,33,Female,104577,Rural,4,1
976,1312.06,67.73,Online,76,Female,114634,Suburban,4,1
977,2975.79,18.67,Restaurant,60,Male,193503,Suburban,5,1
978,258.08,30.94,Restaurant,27,Male,120211,Suburban,2,0
979,2482.33,62.84,Online,42,Female,155909,Urban,1,0
980,2984.62,60.62,Travel,37,Male,163687,Suburban,1,0
981,1671.89,13.4,Online,48,Male,21466,Urban,2,0
982,3854.79,57.79,Restaurant,21,Male,50771,Urban,3,1
983,533.88,32.99,Retail,61,Female,103886,Suburban,1,0
984,376.61,34.77,Online,40,Female,85911,Rural,0,0
985,3641.22,9.61,Travel,19,Male,171818,Rural,5,1
986,2477.96,5.8,Restaurant,73,Male,108422,Rural,5,1
987,3442.32,52.41,Restaurant,39,Male,93369,Suburban,2,0
988,2174.7,35.75,Restaurant,68,Female,21893,Rural,1,0
989,1232.76,31.45,Restaurant,74,Female,50573,Urban,3,1
990,4095.69,52.52,Travel,54,Male,116907,Rural,1,0
991,3997.28,55.12,Retail,25,Male,191946,Suburban,5,1
992,3473.79,11.44,Restaurant,24,Male,119956,Rural,4,1
993,1361.45,43.94,Online,31,Male,138580,Urban,0,0
994,2951.56,9.75,Retail,73,Female,184439,Suburban,2,0
995,1805.51,54.1,Restaurant,72,Male,172271,Rural,4,1
996,458.82,47.3,Retail,20,Female,111404,Suburban,3,1
997,4586.65,68.88,Online,67,Male,77724,Suburban,4,1
998,684.96,4.96,Restaurant,33,Male,106133,Suburban,4,1
999,4751.24,4.11,Online,72,Male,187477,Rural,3,1
1000,2230.58,20.32,Travel,36,Male,35989,Suburban,4,1
